,Name,Neighborhood,Review Count,Rating,Type,Longitude,Latitude
0,Smoque BBQ,ALBANY PARK,3889,4.5,Barbeque,-87.7161739,41.9719367
1,Noon O Kabab,ALBANY PARK,906,4.0,Persian/Iranian,-87.7161739,41.9719367
2,Noon O Kabab,ALBANY PARK,906,4.0,Mediterranean,-87.7161739,41.9719367
3,Kabobi Grill,ALBANY PARK,479,4.5,Mediterranean,-87.7161739,41.9719367
4,Kabobi Grill,ALBANY PARK,479,4.5,Persian/Iranian,-87.7161739,41.9719367
5,Great Sea Chinese Restaurant,ALBANY PARK,656,4.0,Chinese,-87.7161739,41.9719367
6,Great Sea Chinese Restaurant,ALBANY PARK,656,4.0,Chicken Wings,-87.7161739,41.9719367
7,Semiramis,ALBANY PARK,521,4.0,Lebanese,-87.7161739,41.9719367
8,Semiramis,ALBANY PARK,521,4.0,Soup,-87.7161739,41.9719367
9,Semiramis,ALBANY PARK,521,4.0,Sandwiches,-87.7161739,41.9719367
10,Cafe Orient 33,ALBANY PARK,196,4.5,Korean,-87.7161739,41.9719367
11,Cafe Orient 33,ALBANY PARK,196,4.5,Chicken Wings,-87.7161739,41.9719367
12,Cafe Orient 33,ALBANY PARK,196,4.5,Seafood,-87.7161739,41.9719367
13,Ruby's Fast Food,ALBANY PARK,218,4.5,Filipino,-87.7161739,41.9719367
14,Ruby's Fast Food,ALBANY PARK,218,4.5,Buffets,-87.7161739,41.9719367
15,Ruby's Fast Food,ALBANY PARK,218,4.5,Fast Food,-87.7161739,41.9719367
16,Ay Ay Picante,ALBANY PARK,540,4.0,Seafood,-87.7161739,41.9719367
17,Ay Ay Picante,ALBANY PARK,540,4.0,Peruvian,-87.7161739,41.9719367
18,Kuma's Corner - Belmont,ALBANY PARK,4915,4.0,Pubs,-87.7161739,41.9719367
19,Kuma's Corner - Belmont,ALBANY PARK,4915,4.0,Burgers,-87.7161739,41.9719367
20,Bryn Mawr Breakfast Club,ALBANY PARK,667,4.5,Breakfast & Brunch,-87.7161739,41.9719367
21,Afghan Kabob,ALBANY PARK,259,4.5,Middle Eastern,-87.7161739,41.9719367
22,Afghan Kabob,ALBANY PARK,259,4.5,Afghan,-87.7161739,41.9719367
23,Hot Dog Station,ALBANY PARK,160,4.5,Hot Dogs,-87.7161739,41.9719367
24,Hot Dog Station,ALBANY PARK,160,4.5,Burgers,-87.7161739,41.9719367
25,Tre Kronor,ALBANY PARK,684,4.0,Breakfast & Brunch,-87.7161739,41.9719367
26,Tre Kronor,ALBANY PARK,684,4.0,Desserts,-87.7161739,41.9719367
27,Tre Kronor,ALBANY PARK,684,4.0,Scandinavian,-87.7161739,41.9719367
28,Nhu Lan Saigon Subs,ALBANY PARK,778,4.5,Vietnamese,-87.7161739,41.9719367
29,Nhu Lan Saigon Subs,ALBANY PARK,778,4.5,Bakeries,-87.7161739,41.9719367
30,Salam Restaurant,ALBANY PARK,530,4.0,Middle Eastern,-87.7161739,41.9719367
31,Salam Restaurant,ALBANY PARK,530,4.0,Mediterranean,-87.7161739,41.9719367
32,Salam Restaurant,ALBANY PARK,530,4.0,Halal,-87.7161739,41.9719367
33,LD Pho,ALBANY PARK,146,4.5,Vietnamese,-87.7161739,41.9719367
34,Ixcateco Grill,ALBANY PARK,159,4.5,Mexican,-87.7161739,41.9719367
35,Brasa Roja,ALBANY PARK,258,4.0,Latin American,-87.7161739,41.9719367
36,Hala In Restaurant,ALBANY PARK,266,4.0,Middle Eastern,-87.7161739,41.9719367
37,Hala In Restaurant,ALBANY PARK,266,4.0,Arabian,-87.7161739,41.9719367
38,Angelo's Wine Bar,ALBANY PARK,245,4.0,Italian,-87.7161739,41.9719367
39,Angelo's Wine Bar,ALBANY PARK,245,4.0,Cocktail Bars,-87.7161739,41.9719367
40,Angelo's Wine Bar,ALBANY PARK,245,4.0,Wine Bars,-87.7161739,41.9719367
43,Smoque BBQ,ALBANY PARK,3889,4.5,Barbeque,-87.7161739,41.9719367
44,Noon O Kabab,ALBANY PARK,906,4.0,Persian/Iranian,-87.7161739,41.9719367
45,Noon O Kabab,ALBANY PARK,906,4.0,Mediterranean,-87.7161739,41.9719367
46,Kabobi Grill,ALBANY PARK,479,4.5,Mediterranean,-87.7161739,41.9719367
47,Kabobi Grill,ALBANY PARK,479,4.5,Persian/Iranian,-87.7161739,41.9719367
48,Great Sea Chinese Restaurant,ALBANY PARK,656,4.0,Chinese,-87.7161739,41.9719367
49,Great Sea Chinese Restaurant,ALBANY PARK,656,4.0,Chicken Wings,-87.7161739,41.9719367
50,Semiramis,ALBANY PARK,521,4.0,Lebanese,-87.7161739,41.9719367
51,Semiramis,ALBANY PARK,521,4.0,Soup,-87.7161739,41.9719367
52,Semiramis,ALBANY PARK,521,4.0,Sandwiches,-87.7161739,41.9719367
53,Cafe Orient 33,ALBANY PARK,196,4.5,Korean,-87.7161739,41.9719367
54,Cafe Orient 33,ALBANY PARK,196,4.5,Chicken Wings,-87.7161739,41.9719367
55,Cafe Orient 33,ALBANY PARK,196,4.5,Seafood,-87.7161739,41.9719367
56,Ruby's Fast Food,ALBANY PARK,218,4.5,Filipino,-87.7161739,41.9719367
57,Ruby's Fast Food,ALBANY PARK,218,4.5,Buffets,-87.7161739,41.9719367
58,Ruby's Fast Food,ALBANY PARK,218,4.5,Fast Food,-87.7161739,41.9719367
59,Ay Ay Picante,ALBANY PARK,540,4.0,Seafood,-87.7161739,41.9719367
60,Ay Ay Picante,ALBANY PARK,540,4.0,Peruvian,-87.7161739,41.9719367
61,Kuma's Corner - Belmont,ALBANY PARK,4915,4.0,Pubs,-87.7161739,41.9719367
62,Kuma's Corner - Belmont,ALBANY PARK,4915,4.0,Burgers,-87.7161739,41.9719367
63,Bryn Mawr Breakfast Club,ALBANY PARK,667,4.5,Breakfast & Brunch,-87.7161739,41.9719367
64,Afghan Kabob,ALBANY PARK,259,4.5,Middle Eastern,-87.7161739,41.9719367
65,Afghan Kabob,ALBANY PARK,259,4.5,Afghan,-87.7161739,41.9719367
66,Hot Dog Station,ALBANY PARK,160,4.5,Hot Dogs,-87.7161739,41.9719367
67,Hot Dog Station,ALBANY PARK,160,4.5,Burgers,-87.7161739,41.9719367
68,Tre Kronor,ALBANY PARK,684,4.0,Breakfast & Brunch,-87.7161739,41.9719367
69,Tre Kronor,ALBANY PARK,684,4.0,Desserts,-87.7161739,41.9719367
70,Tre Kronor,ALBANY PARK,684,4.0,Scandinavian,-87.7161739,41.9719367
71,Nhu Lan Saigon Subs,ALBANY PARK,778,4.5,Vietnamese,-87.7161739,41.9719367
72,Nhu Lan Saigon Subs,ALBANY PARK,778,4.5,Bakeries,-87.7161739,41.9719367
73,Salam Restaurant,ALBANY PARK,530,4.0,Middle Eastern,-87.7161739,41.9719367
74,Salam Restaurant,ALBANY PARK,530,4.0,Mediterranean,-87.7161739,41.9719367
75,Salam Restaurant,ALBANY PARK,530,4.0,Halal,-87.7161739,41.9719367
76,LD Pho,ALBANY PARK,146,4.5,Vietnamese,-87.7161739,41.9719367
77,Ixcateco Grill,ALBANY PARK,159,4.5,Mexican,-87.7161739,41.9719367
78,Brasa Roja,ALBANY PARK,258,4.0,Latin American,-87.7161739,41.9719367
79,Hala In Restaurant,ALBANY PARK,266,4.0,Middle Eastern,-87.7161739,41.9719367
80,Hala In Restaurant,ALBANY PARK,266,4.0,Arabian,-87.7161739,41.9719367
81,Angelo's Wine Bar,ALBANY PARK,245,4.0,Italian,-87.7161739,41.9719367
82,Angelo's Wine Bar,ALBANY PARK,245,4.0,Cocktail Bars,-87.7161739,41.9719367
83,Angelo's Wine Bar,ALBANY PARK,245,4.0,Wine Bars,-87.7161739,41.9719367
86,Smoque BBQ,ALBANY PARK,3889,4.5,Barbeque,-87.7161739,41.9719367
87,Noon O Kabab,ALBANY PARK,906,4.0,Persian/Iranian,-87.7161739,41.9719367
88,Noon O Kabab,ALBANY PARK,906,4.0,Mediterranean,-87.7161739,41.9719367
89,Kabobi Grill,ALBANY PARK,479,4.5,Mediterranean,-87.7161739,41.9719367
90,Kabobi Grill,ALBANY PARK,479,4.5,Persian/Iranian,-87.7161739,41.9719367
91,Great Sea Chinese Restaurant,ALBANY PARK,656,4.0,Chinese,-87.7161739,41.9719367
92,Great Sea Chinese Restaurant,ALBANY PARK,656,4.0,Chicken Wings,-87.7161739,41.9719367
93,Semiramis,ALBANY PARK,521,4.0,Lebanese,-87.7161739,41.9719367
94,Semiramis,ALBANY PARK,521,4.0,Soup,-87.7161739,41.9719367
95,Semiramis,ALBANY PARK,521,4.0,Sandwiches,-87.7161739,41.9719367
96,Cafe Orient 33,ALBANY PARK,196,4.5,Korean,-87.7161739,41.9719367
97,Cafe Orient 33,ALBANY PARK,196,4.5,Chicken Wings,-87.7161739,41.9719367
98,Cafe Orient 33,ALBANY PARK,196,4.5,Seafood,-87.7161739,41.9719367
99,Ruby's Fast Food,ALBANY PARK,218,4.5,Filipino,-87.7161739,41.9719367
100,Ruby's Fast Food,ALBANY PARK,218,4.5,Buffets,-87.7161739,41.9719367
101,Ruby's Fast Food,ALBANY PARK,218,4.5,Fast Food,-87.7161739,41.9719367
102,Ay Ay Picante,ALBANY PARK,540,4.0,Seafood,-87.7161739,41.9719367
103,Ay Ay Picante,ALBANY PARK,540,4.0,Peruvian,-87.7161739,41.9719367
104,Kuma's Corner - Belmont,ALBANY PARK,4915,4.0,Pubs,-87.7161739,41.9719367
105,Kuma's Corner - Belmont,ALBANY PARK,4915,4.0,Burgers,-87.7161739,41.9719367
106,Bryn Mawr Breakfast Club,ALBANY PARK,667,4.5,Breakfast & Brunch,-87.7161739,41.9719367
107,Afghan Kabob,ALBANY PARK,259,4.5,Middle Eastern,-87.7161739,41.9719367
108,Afghan Kabob,ALBANY PARK,259,4.5,Afghan,-87.7161739,41.9719367
109,Hot Dog Station,ALBANY PARK,160,4.5,Hot Dogs,-87.7161739,41.9719367
110,Hot Dog Station,ALBANY PARK,160,4.5,Burgers,-87.7161739,41.9719367
111,Tre Kronor,ALBANY PARK,684,4.0,Breakfast & Brunch,-87.7161739,41.9719367
112,Tre Kronor,ALBANY PARK,684,4.0,Desserts,-87.7161739,41.9719367
113,Tre Kronor,ALBANY PARK,684,4.0,Scandinavian,-87.7161739,41.9719367
114,Nhu Lan Saigon Subs,ALBANY PARK,778,4.5,Vietnamese,-87.7161739,41.9719367
115,Nhu Lan Saigon Subs,ALBANY PARK,778,4.5,Bakeries,-87.7161739,41.9719367
116,Salam Restaurant,ALBANY PARK,530,4.0,Middle Eastern,-87.7161739,41.9719367
117,Salam Restaurant,ALBANY PARK,530,4.0,Mediterranean,-87.7161739,41.9719367
118,Salam Restaurant,ALBANY PARK,530,4.0,Halal,-87.7161739,41.9719367
119,LD Pho,ALBANY PARK,146,4.5,Vietnamese,-87.7161739,41.9719367
120,Ixcateco Grill,ALBANY PARK,159,4.5,Mexican,-87.7161739,41.9719367
121,Brasa Roja,ALBANY PARK,258,4.0,Latin American,-87.7161739,41.9719367
122,Hala In Restaurant,ALBANY PARK,266,4.0,Middle Eastern,-87.7161739,41.9719367
123,Hala In Restaurant,ALBANY PARK,266,4.0,Arabian,-87.7161739,41.9719367
124,Angelo's Wine Bar,ALBANY PARK,245,4.0,Italian,-87.7161739,41.9719367
125,Angelo's Wine Bar,ALBANY PARK,245,4.0,Cocktail Bars,-87.7161739,41.9719367
126,Angelo's Wine Bar,ALBANY PARK,245,4.0,Wine Bars,-87.7161739,41.9719367
129,Smoque BBQ,ALBANY PARK,3889,4.5,Barbeque,-87.7161739,41.9719367
130,Noon O Kabab,ALBANY PARK,906,4.0,Persian/Iranian,-87.7161739,41.9719367
131,Noon O Kabab,ALBANY PARK,906,4.0,Mediterranean,-87.7161739,41.9719367
132,Kabobi Grill,ALBANY PARK,479,4.5,Mediterranean,-87.7161739,41.9719367
133,Kabobi Grill,ALBANY PARK,479,4.5,Persian/Iranian,-87.7161739,41.9719367
134,Great Sea Chinese Restaurant,ALBANY PARK,656,4.0,Chinese,-87.7161739,41.9719367
135,Great Sea Chinese Restaurant,ALBANY PARK,656,4.0,Chicken Wings,-87.7161739,41.9719367
136,Semiramis,ALBANY PARK,521,4.0,Lebanese,-87.7161739,41.9719367
137,Semiramis,ALBANY PARK,521,4.0,Soup,-87.7161739,41.9719367
138,Semiramis,ALBANY PARK,521,4.0,Sandwiches,-87.7161739,41.9719367
139,Cafe Orient 33,ALBANY PARK,196,4.5,Korean,-87.7161739,41.9719367
140,Cafe Orient 33,ALBANY PARK,196,4.5,Chicken Wings,-87.7161739,41.9719367
141,Cafe Orient 33,ALBANY PARK,196,4.5,Seafood,-87.7161739,41.9719367
142,Ruby's Fast Food,ALBANY PARK,218,4.5,Filipino,-87.7161739,41.9719367
143,Ruby's Fast Food,ALBANY PARK,218,4.5,Buffets,-87.7161739,41.9719367
144,Ruby's Fast Food,ALBANY PARK,218,4.5,Fast Food,-87.7161739,41.9719367
145,Ay Ay Picante,ALBANY PARK,540,4.0,Seafood,-87.7161739,41.9719367
146,Ay Ay Picante,ALBANY PARK,540,4.0,Peruvian,-87.7161739,41.9719367
147,Kuma's Corner - Belmont,ALBANY PARK,4915,4.0,Pubs,-87.7161739,41.9719367
148,Kuma's Corner - Belmont,ALBANY PARK,4915,4.0,Burgers,-87.7161739,41.9719367
149,Bryn Mawr Breakfast Club,ALBANY PARK,667,4.5,Breakfast & Brunch,-87.7161739,41.9719367
150,Afghan Kabob,ALBANY PARK,259,4.5,Middle Eastern,-87.7161739,41.9719367
151,Afghan Kabob,ALBANY PARK,259,4.5,Afghan,-87.7161739,41.9719367
152,Hot Dog Station,ALBANY PARK,160,4.5,Hot Dogs,-87.7161739,41.9719367
153,Hot Dog Station,ALBANY PARK,160,4.5,Burgers,-87.7161739,41.9719367
154,Tre Kronor,ALBANY PARK,684,4.0,Breakfast & Brunch,-87.7161739,41.9719367
155,Tre Kronor,ALBANY PARK,684,4.0,Desserts,-87.7161739,41.9719367
156,Tre Kronor,ALBANY PARK,684,4.0,Scandinavian,-87.7161739,41.9719367
157,Nhu Lan Saigon Subs,ALBANY PARK,778,4.5,Vietnamese,-87.7161739,41.9719367
158,Nhu Lan Saigon Subs,ALBANY PARK,778,4.5,Bakeries,-87.7161739,41.9719367
159,Salam Restaurant,ALBANY PARK,530,4.0,Middle Eastern,-87.7161739,41.9719367
160,Salam Restaurant,ALBANY PARK,530,4.0,Mediterranean,-87.7161739,41.9719367
161,Salam Restaurant,ALBANY PARK,530,4.0,Halal,-87.7161739,41.9719367
162,LD Pho,ALBANY PARK,146,4.5,Vietnamese,-87.7161739,41.9719367
163,Ixcateco Grill,ALBANY PARK,159,4.5,Mexican,-87.7161739,41.9719367
164,Brasa Roja,ALBANY PARK,258,4.0,Latin American,-87.7161739,41.9719367
165,Hala In Restaurant,ALBANY PARK,266,4.0,Middle Eastern,-87.7161739,41.9719367
166,Hala In Restaurant,ALBANY PARK,266,4.0,Arabian,-87.7161739,41.9719367
167,Angelo's Wine Bar,ALBANY PARK,245,4.0,Italian,-87.7161739,41.9719367
168,Angelo's Wine Bar,ALBANY PARK,245,4.0,Cocktail Bars,-87.7161739,41.9719367
169,Angelo's Wine Bar,ALBANY PARK,245,4.0,Wine Bars,-87.7161739,41.9719367
172,Smoque BBQ,ALBANY PARK,3889,4.5,Barbeque,-87.7161739,41.9719367
173,Noon O Kabab,ALBANY PARK,906,4.0,Persian/Iranian,-87.7161739,41.9719367
174,Noon O Kabab,ALBANY PARK,906,4.0,Mediterranean,-87.7161739,41.9719367
175,Kabobi Grill,ALBANY PARK,479,4.5,Mediterranean,-87.7161739,41.9719367
176,Kabobi Grill,ALBANY PARK,479,4.5,Persian/Iranian,-87.7161739,41.9719367
177,Great Sea Chinese Restaurant,ALBANY PARK,656,4.0,Chinese,-87.7161739,41.9719367
178,Great Sea Chinese Restaurant,ALBANY PARK,656,4.0,Chicken Wings,-87.7161739,41.9719367
179,Semiramis,ALBANY PARK,521,4.0,Lebanese,-87.7161739,41.9719367
180,Semiramis,ALBANY PARK,521,4.0,Soup,-87.7161739,41.9719367
181,Semiramis,ALBANY PARK,521,4.0,Sandwiches,-87.7161739,41.9719367
182,Cafe Orient 33,ALBANY PARK,196,4.5,Korean,-87.7161739,41.9719367
183,Cafe Orient 33,ALBANY PARK,196,4.5,Chicken Wings,-87.7161739,41.9719367
184,Cafe Orient 33,ALBANY PARK,196,4.5,Seafood,-87.7161739,41.9719367
185,Ruby's Fast Food,ALBANY PARK,218,4.5,Filipino,-87.7161739,41.9719367
186,Ruby's Fast Food,ALBANY PARK,218,4.5,Buffets,-87.7161739,41.9719367
187,Ruby's Fast Food,ALBANY PARK,218,4.5,Fast Food,-87.7161739,41.9719367
188,Ay Ay Picante,ALBANY PARK,540,4.0,Seafood,-87.7161739,41.9719367
189,Ay Ay Picante,ALBANY PARK,540,4.0,Peruvian,-87.7161739,41.9719367
190,Kuma's Corner - Belmont,ALBANY PARK,4915,4.0,Pubs,-87.7161739,41.9719367
191,Kuma's Corner - Belmont,ALBANY PARK,4915,4.0,Burgers,-87.7161739,41.9719367
192,Bryn Mawr Breakfast Club,ALBANY PARK,667,4.5,Breakfast & Brunch,-87.7161739,41.9719367
193,Afghan Kabob,ALBANY PARK,259,4.5,Middle Eastern,-87.7161739,41.9719367
194,Afghan Kabob,ALBANY PARK,259,4.5,Afghan,-87.7161739,41.9719367
195,Hot Dog Station,ALBANY PARK,160,4.5,Hot Dogs,-87.7161739,41.9719367
196,Hot Dog Station,ALBANY PARK,160,4.5,Burgers,-87.7161739,41.9719367
197,Tre Kronor,ALBANY PARK,684,4.0,Breakfast & Brunch,-87.7161739,41.9719367
198,Tre Kronor,ALBANY PARK,684,4.0,Desserts,-87.7161739,41.9719367
199,Tre Kronor,ALBANY PARK,684,4.0,Scandinavian,-87.7161739,41.9719367
200,Nhu Lan Saigon Subs,ALBANY PARK,778,4.5,Vietnamese,-87.7161739,41.9719367
201,Nhu Lan Saigon Subs,ALBANY PARK,778,4.5,Bakeries,-87.7161739,41.9719367
202,Salam Restaurant,ALBANY PARK,530,4.0,Middle Eastern,-87.7161739,41.9719367
203,Salam Restaurant,ALBANY PARK,530,4.0,Mediterranean,-87.7161739,41.9719367
204,Salam Restaurant,ALBANY PARK,530,4.0,Halal,-87.7161739,41.9719367
205,LD Pho,ALBANY PARK,146,4.5,Vietnamese,-87.7161739,41.9719367
206,Ixcateco Grill,ALBANY PARK,159,4.5,Mexican,-87.7161739,41.9719367
207,Brasa Roja,ALBANY PARK,258,4.0,Latin American,-87.7161739,41.9719367
208,Hala In Restaurant,ALBANY PARK,266,4.0,Middle Eastern,-87.7161739,41.9719367
209,Hala In Restaurant,ALBANY PARK,266,4.0,Arabian,-87.7161739,41.9719367
210,Angelo's Wine Bar,ALBANY PARK,245,4.0,Italian,-87.7161739,41.9719367
211,Angelo's Wine Bar,ALBANY PARK,245,4.0,Cocktail Bars,-87.7161739,41.9719367
212,Angelo's Wine Bar,ALBANY PARK,245,4.0,Wine Bars,-87.7161739,41.9719367
215,Smoque BBQ,ALBANY PARK,3889,4.5,Barbeque,-87.7161739,41.9719367
216,Noon O Kabab,ALBANY PARK,906,4.0,Persian/Iranian,-87.7161739,41.9719367
217,Noon O Kabab,ALBANY PARK,906,4.0,Mediterranean,-87.7161739,41.9719367
218,Kabobi Grill,ALBANY PARK,479,4.5,Mediterranean,-87.7161739,41.9719367
219,Kabobi Grill,ALBANY PARK,479,4.5,Persian/Iranian,-87.7161739,41.9719367
220,Great Sea Chinese Restaurant,ALBANY PARK,656,4.0,Chinese,-87.7161739,41.9719367
221,Great Sea Chinese Restaurant,ALBANY PARK,656,4.0,Chicken Wings,-87.7161739,41.9719367
222,Semiramis,ALBANY PARK,521,4.0,Lebanese,-87.7161739,41.9719367
223,Semiramis,ALBANY PARK,521,4.0,Soup,-87.7161739,41.9719367
224,Semiramis,ALBANY PARK,521,4.0,Sandwiches,-87.7161739,41.9719367
225,Cafe Orient 33,ALBANY PARK,196,4.5,Korean,-87.7161739,41.9719367
226,Cafe Orient 33,ALBANY PARK,196,4.5,Chicken Wings,-87.7161739,41.9719367
227,Cafe Orient 33,ALBANY PARK,196,4.5,Seafood,-87.7161739,41.9719367
228,Ruby's Fast Food,ALBANY PARK,218,4.5,Filipino,-87.7161739,41.9719367
229,Ruby's Fast Food,ALBANY PARK,218,4.5,Buffets,-87.7161739,41.9719367
230,Ruby's Fast Food,ALBANY PARK,218,4.5,Fast Food,-87.7161739,41.9719367
231,Ay Ay Picante,ALBANY PARK,540,4.0,Seafood,-87.7161739,41.9719367
232,Ay Ay Picante,ALBANY PARK,540,4.0,Peruvian,-87.7161739,41.9719367
233,Kuma's Corner - Belmont,ALBANY PARK,4915,4.0,Pubs,-87.7161739,41.9719367
234,Kuma's Corner - Belmont,ALBANY PARK,4915,4.0,Burgers,-87.7161739,41.9719367
235,Bryn Mawr Breakfast Club,ALBANY PARK,667,4.5,Breakfast & Brunch,-87.7161739,41.9719367
236,Afghan Kabob,ALBANY PARK,259,4.5,Middle Eastern,-87.7161739,41.9719367
237,Afghan Kabob,ALBANY PARK,259,4.5,Afghan,-87.7161739,41.9719367
238,Hot Dog Station,ALBANY PARK,160,4.5,Hot Dogs,-87.7161739,41.9719367
239,Hot Dog Station,ALBANY PARK,160,4.5,Burgers,-87.7161739,41.9719367
240,Tre Kronor,ALBANY PARK,684,4.0,Breakfast & Brunch,-87.7161739,41.9719367
241,Tre Kronor,ALBANY PARK,684,4.0,Desserts,-87.7161739,41.9719367
242,Tre Kronor,ALBANY PARK,684,4.0,Scandinavian,-87.7161739,41.9719367
243,Nhu Lan Saigon Subs,ALBANY PARK,778,4.5,Vietnamese,-87.7161739,41.9719367
244,Nhu Lan Saigon Subs,ALBANY PARK,778,4.5,Bakeries,-87.7161739,41.9719367
245,Salam Restaurant,ALBANY PARK,530,4.0,Middle Eastern,-87.7161739,41.9719367
246,Salam Restaurant,ALBANY PARK,530,4.0,Mediterranean,-87.7161739,41.9719367
247,Salam Restaurant,ALBANY PARK,530,4.0,Halal,-87.7161739,41.9719367
248,LD Pho,ALBANY PARK,146,4.5,Vietnamese,-87.7161739,41.9719367
249,Ixcateco Grill,ALBANY PARK,159,4.5,Mexican,-87.7161739,41.9719367
250,Brasa Roja,ALBANY PARK,258,4.0,Latin American,-87.7161739,41.9719367
251,Hala In Restaurant,ALBANY PARK,266,4.0,Middle Eastern,-87.7161739,41.9719367
252,Hala In Restaurant,ALBANY PARK,266,4.0,Arabian,-87.7161739,41.9719367
253,Angelo's Wine Bar,ALBANY PARK,245,4.0,Italian,-87.7161739,41.9719367
254,Angelo's Wine Bar,ALBANY PARK,245,4.0,Cocktail Bars,-87.7161739,41.9719367
255,Angelo's Wine Bar,ALBANY PARK,245,4.0,Wine Bars,-87.7161739,41.9719367
258,Smoque BBQ,ALBANY PARK,3889,4.5,Barbeque,-87.7161739,41.9719367
259,Noon O Kabab,ALBANY PARK,906,4.0,Persian/Iranian,-87.7161739,41.9719367
260,Noon O Kabab,ALBANY PARK,906,4.0,Mediterranean,-87.7161739,41.9719367
261,Kabobi Grill,ALBANY PARK,479,4.5,Mediterranean,-87.7161739,41.9719367
262,Kabobi Grill,ALBANY PARK,479,4.5,Persian/Iranian,-87.7161739,41.9719367
263,Great Sea Chinese Restaurant,ALBANY PARK,656,4.0,Chinese,-87.7161739,41.9719367
264,Great Sea Chinese Restaurant,ALBANY PARK,656,4.0,Chicken Wings,-87.7161739,41.9719367
265,Semiramis,ALBANY PARK,521,4.0,Lebanese,-87.7161739,41.9719367
266,Semiramis,ALBANY PARK,521,4.0,Soup,-87.7161739,41.9719367
267,Semiramis,ALBANY PARK,521,4.0,Sandwiches,-87.7161739,41.9719367
268,Cafe Orient 33,ALBANY PARK,196,4.5,Korean,-87.7161739,41.9719367
269,Cafe Orient 33,ALBANY PARK,196,4.5,Chicken Wings,-87.7161739,41.9719367
270,Cafe Orient 33,ALBANY PARK,196,4.5,Seafood,-87.7161739,41.9719367
271,Ruby's Fast Food,ALBANY PARK,218,4.5,Filipino,-87.7161739,41.9719367
272,Ruby's Fast Food,ALBANY PARK,218,4.5,Buffets,-87.7161739,41.9719367
273,Ruby's Fast Food,ALBANY PARK,218,4.5,Fast Food,-87.7161739,41.9719367
274,Ay Ay Picante,ALBANY PARK,540,4.0,Seafood,-87.7161739,41.9719367
275,Ay Ay Picante,ALBANY PARK,540,4.0,Peruvian,-87.7161739,41.9719367
276,Kuma's Corner - Belmont,ALBANY PARK,4915,4.0,Pubs,-87.7161739,41.9719367
277,Kuma's Corner - Belmont,ALBANY PARK,4915,4.0,Burgers,-87.7161739,41.9719367
278,Bryn Mawr Breakfast Club,ALBANY PARK,667,4.5,Breakfast & Brunch,-87.7161739,41.9719367
279,Afghan Kabob,ALBANY PARK,259,4.5,Middle Eastern,-87.7161739,41.9719367
280,Afghan Kabob,ALBANY PARK,259,4.5,Afghan,-87.7161739,41.9719367
281,Hot Dog Station,ALBANY PARK,160,4.5,Hot Dogs,-87.7161739,41.9719367
282,Hot Dog Station,ALBANY PARK,160,4.5,Burgers,-87.7161739,41.9719367
283,Tre Kronor,ALBANY PARK,684,4.0,Breakfast & Brunch,-87.7161739,41.9719367
284,Tre Kronor,ALBANY PARK,684,4.0,Desserts,-87.7161739,41.9719367
285,Tre Kronor,ALBANY PARK,684,4.0,Scandinavian,-87.7161739,41.9719367
286,Nhu Lan Saigon Subs,ALBANY PARK,778,4.5,Vietnamese,-87.7161739,41.9719367
287,Nhu Lan Saigon Subs,ALBANY PARK,778,4.5,Bakeries,-87.7161739,41.9719367
288,Salam Restaurant,ALBANY PARK,530,4.0,Middle Eastern,-87.7161739,41.9719367
289,Salam Restaurant,ALBANY PARK,530,4.0,Mediterranean,-87.7161739,41.9719367
290,Salam Restaurant,ALBANY PARK,530,4.0,Halal,-87.7161739,41.9719367
291,LD Pho,ALBANY PARK,146,4.5,Vietnamese,-87.7161739,41.9719367
292,Ixcateco Grill,ALBANY PARK,159,4.5,Mexican,-87.7161739,41.9719367
293,Brasa Roja,ALBANY PARK,258,4.0,Latin American,-87.7161739,41.9719367
294,Hala In Restaurant,ALBANY PARK,266,4.0,Middle Eastern,-87.7161739,41.9719367
295,Hala In Restaurant,ALBANY PARK,266,4.0,Arabian,-87.7161739,41.9719367
296,Angelo's Wine Bar,ALBANY PARK,245,4.0,Italian,-87.7161739,41.9719367
297,Angelo's Wine Bar,ALBANY PARK,245,4.0,Cocktail Bars,-87.7161739,41.9719367
298,Angelo's Wine Bar,ALBANY PARK,245,4.0,Wine Bars,-87.7161739,41.9719367
301,Smoque BBQ,ALBANY PARK,3889,4.5,Barbeque,-87.7161739,41.9719367
302,Noon O Kabab,ALBANY PARK,906,4.0,Persian/Iranian,-87.7161739,41.9719367
303,Noon O Kabab,ALBANY PARK,906,4.0,Mediterranean,-87.7161739,41.9719367
304,Kabobi Grill,ALBANY PARK,479,4.5,Mediterranean,-87.7161739,41.9719367
305,Kabobi Grill,ALBANY PARK,479,4.5,Persian/Iranian,-87.7161739,41.9719367
306,Great Sea Chinese Restaurant,ALBANY PARK,656,4.0,Chinese,-87.7161739,41.9719367
307,Great Sea Chinese Restaurant,ALBANY PARK,656,4.0,Chicken Wings,-87.7161739,41.9719367
308,Semiramis,ALBANY PARK,521,4.0,Lebanese,-87.7161739,41.9719367
309,Semiramis,ALBANY PARK,521,4.0,Soup,-87.7161739,41.9719367
310,Semiramis,ALBANY PARK,521,4.0,Sandwiches,-87.7161739,41.9719367
311,Cafe Orient 33,ALBANY PARK,196,4.5,Korean,-87.7161739,41.9719367
312,Cafe Orient 33,ALBANY PARK,196,4.5,Chicken Wings,-87.7161739,41.9719367
313,Cafe Orient 33,ALBANY PARK,196,4.5,Seafood,-87.7161739,41.9719367
314,Ruby's Fast Food,ALBANY PARK,218,4.5,Filipino,-87.7161739,41.9719367
315,Ruby's Fast Food,ALBANY PARK,218,4.5,Buffets,-87.7161739,41.9719367
316,Ruby's Fast Food,ALBANY PARK,218,4.5,Fast Food,-87.7161739,41.9719367
317,Ay Ay Picante,ALBANY PARK,540,4.0,Seafood,-87.7161739,41.9719367
318,Ay Ay Picante,ALBANY PARK,540,4.0,Peruvian,-87.7161739,41.9719367
319,Kuma's Corner - Belmont,ALBANY PARK,4915,4.0,Pubs,-87.7161739,41.9719367
320,Kuma's Corner - Belmont,ALBANY PARK,4915,4.0,Burgers,-87.7161739,41.9719367
321,Bryn Mawr Breakfast Club,ALBANY PARK,667,4.5,Breakfast & Brunch,-87.7161739,41.9719367
322,Afghan Kabob,ALBANY PARK,259,4.5,Middle Eastern,-87.7161739,41.9719367
323,Afghan Kabob,ALBANY PARK,259,4.5,Afghan,-87.7161739,41.9719367
324,Hot Dog Station,ALBANY PARK,160,4.5,Hot Dogs,-87.7161739,41.9719367
325,Hot Dog Station,ALBANY PARK,160,4.5,Burgers,-87.7161739,41.9719367
326,Tre Kronor,ALBANY PARK,684,4.0,Breakfast & Brunch,-87.7161739,41.9719367
327,Tre Kronor,ALBANY PARK,684,4.0,Desserts,-87.7161739,41.9719367
328,Tre Kronor,ALBANY PARK,684,4.0,Scandinavian,-87.7161739,41.9719367
329,Nhu Lan Saigon Subs,ALBANY PARK,778,4.5,Vietnamese,-87.7161739,41.9719367
330,Nhu Lan Saigon Subs,ALBANY PARK,778,4.5,Bakeries,-87.7161739,41.9719367
331,Salam Restaurant,ALBANY PARK,530,4.0,Middle Eastern,-87.7161739,41.9719367
332,Salam Restaurant,ALBANY PARK,530,4.0,Mediterranean,-87.7161739,41.9719367
333,Salam Restaurant,ALBANY PARK,530,4.0,Halal,-87.7161739,41.9719367
334,LD Pho,ALBANY PARK,146,4.5,Vietnamese,-87.7161739,41.9719367
335,Ixcateco Grill,ALBANY PARK,159,4.5,Mexican,-87.7161739,41.9719367
336,Brasa Roja,ALBANY PARK,258,4.0,Latin American,-87.7161739,41.9719367
337,Hala In Restaurant,ALBANY PARK,266,4.0,Middle Eastern,-87.7161739,41.9719367
338,Hala In Restaurant,ALBANY PARK,266,4.0,Arabian,-87.7161739,41.9719367
339,Angelo's Wine Bar,ALBANY PARK,245,4.0,Italian,-87.7161739,41.9719367
340,Angelo's Wine Bar,ALBANY PARK,245,4.0,Cocktail Bars,-87.7161739,41.9719367
341,Angelo's Wine Bar,ALBANY PARK,245,4.0,Wine Bars,-87.7161739,41.9719367
344,Smoque BBQ,ALBANY PARK,3889,4.5,Barbeque,-87.7161739,41.9719367
345,Noon O Kabab,ALBANY PARK,906,4.0,Persian/Iranian,-87.7161739,41.9719367
346,Noon O Kabab,ALBANY PARK,906,4.0,Mediterranean,-87.7161739,41.9719367
347,Kabobi Grill,ALBANY PARK,479,4.5,Mediterranean,-87.7161739,41.9719367
348,Kabobi Grill,ALBANY PARK,479,4.5,Persian/Iranian,-87.7161739,41.9719367
349,Great Sea Chinese Restaurant,ALBANY PARK,656,4.0,Chinese,-87.7161739,41.9719367
350,Great Sea Chinese Restaurant,ALBANY PARK,656,4.0,Chicken Wings,-87.7161739,41.9719367
351,Semiramis,ALBANY PARK,521,4.0,Lebanese,-87.7161739,41.9719367
352,Semiramis,ALBANY PARK,521,4.0,Soup,-87.7161739,41.9719367
353,Semiramis,ALBANY PARK,521,4.0,Sandwiches,-87.7161739,41.9719367
354,Cafe Orient 33,ALBANY PARK,196,4.5,Korean,-87.7161739,41.9719367
355,Cafe Orient 33,ALBANY PARK,196,4.5,Chicken Wings,-87.7161739,41.9719367
356,Cafe Orient 33,ALBANY PARK,196,4.5,Seafood,-87.7161739,41.9719367
357,Ruby's Fast Food,ALBANY PARK,218,4.5,Filipino,-87.7161739,41.9719367
358,Ruby's Fast Food,ALBANY PARK,218,4.5,Buffets,-87.7161739,41.9719367
359,Ruby's Fast Food,ALBANY PARK,218,4.5,Fast Food,-87.7161739,41.9719367
360,Ay Ay Picante,ALBANY PARK,540,4.0,Seafood,-87.7161739,41.9719367
361,Ay Ay Picante,ALBANY PARK,540,4.0,Peruvian,-87.7161739,41.9719367
362,Kuma's Corner - Belmont,ALBANY PARK,4915,4.0,Pubs,-87.7161739,41.9719367
363,Kuma's Corner - Belmont,ALBANY PARK,4915,4.0,Burgers,-87.7161739,41.9719367
364,Bryn Mawr Breakfast Club,ALBANY PARK,667,4.5,Breakfast & Brunch,-87.7161739,41.9719367
365,Afghan Kabob,ALBANY PARK,259,4.5,Middle Eastern,-87.7161739,41.9719367
366,Afghan Kabob,ALBANY PARK,259,4.5,Afghan,-87.7161739,41.9719367
367,Hot Dog Station,ALBANY PARK,160,4.5,Hot Dogs,-87.7161739,41.9719367
368,Hot Dog Station,ALBANY PARK,160,4.5,Burgers,-87.7161739,41.9719367
369,Tre Kronor,ALBANY PARK,684,4.0,Breakfast & Brunch,-87.7161739,41.9719367
370,Tre Kronor,ALBANY PARK,684,4.0,Desserts,-87.7161739,41.9719367
371,Tre Kronor,ALBANY PARK,684,4.0,Scandinavian,-87.7161739,41.9719367
372,Nhu Lan Saigon Subs,ALBANY PARK,778,4.5,Vietnamese,-87.7161739,41.9719367
373,Nhu Lan Saigon Subs,ALBANY PARK,778,4.5,Bakeries,-87.7161739,41.9719367
374,Salam Restaurant,ALBANY PARK,530,4.0,Middle Eastern,-87.7161739,41.9719367
375,Salam Restaurant,ALBANY PARK,530,4.0,Mediterranean,-87.7161739,41.9719367
376,Salam Restaurant,ALBANY PARK,530,4.0,Halal,-87.7161739,41.9719367
377,LD Pho,ALBANY PARK,146,4.5,Vietnamese,-87.7161739,41.9719367
378,Ixcateco Grill,ALBANY PARK,159,4.5,Mexican,-87.7161739,41.9719367
379,Brasa Roja,ALBANY PARK,258,4.0,Latin American,-87.7161739,41.9719367
380,Hala In Restaurant,ALBANY PARK,266,4.0,Middle Eastern,-87.7161739,41.9719367
381,Hala In Restaurant,ALBANY PARK,266,4.0,Arabian,-87.7161739,41.9719367
382,Angelo's Wine Bar,ALBANY PARK,245,4.0,Italian,-87.7161739,41.9719367
383,Angelo's Wine Bar,ALBANY PARK,245,4.0,Cocktail Bars,-87.7161739,41.9719367
384,Angelo's Wine Bar,ALBANY PARK,245,4.0,Wine Bars,-87.7161739,41.9719367
387,Mariscos La Sirena,ALTGELD GARDENS,53,4.0,Mexican,-87.6004393348106,41.65486375
388,Mariscos La Sirena,ALTGELD GARDENS,53,4.0,Seafood,-87.6004393348106,41.65486375
389,T & G Gyros,ALTGELD GARDENS,44,4.5,Greek,-87.6004393348106,41.65486375
390,T & G Gyros,ALTGELD GARDENS,44,4.5,Mediterranean,-87.6004393348106,41.65486375
391,La Vieja Castilla,ALTGELD GARDENS,34,4.5,Spanish,-87.6004393348106,41.65486375
392,Giuseppe's Pizza,ALTGELD GARDENS,41,4.5,Pizza,-87.6004393348106,41.65486375
393,Olivia's Restaurant,ALTGELD GARDENS,41,4.0,Breakfast & Brunch,-87.6004393348106,41.65486375
394,Olivia's Restaurant,ALTGELD GARDENS,41,4.0,Diners,-87.6004393348106,41.65486375
395,Iversen's Bakery,ALTGELD GARDENS,32,4.5,Bakeries,-87.6004393348106,41.65486375
396,Iversen's Bakery,ALTGELD GARDENS,32,4.5,Desserts,-87.6004393348106,41.65486375
397,Eggshack,ALTGELD GARDENS,32,4.0,Breakfast & Brunch,-87.6004393348106,41.65486375
398,Eggshack,ALTGELD GARDENS,32,4.0,Burgers,-87.6004393348106,41.65486375
399,Eggshack,ALTGELD GARDENS,32,4.0,Sandwiches,-87.6004393348106,41.65486375
400,Lumes House of Pancakes,ALTGELD GARDENS,85,4.0,Breakfast & Brunch,-87.6004393348106,41.65486375
401,Cal-Harbor Restaurant & Lounge,ALTGELD GARDENS,36,4.0,Coffee & Tea,-87.6004393348106,41.65486375
402,Cal-Harbor Restaurant & Lounge,ALTGELD GARDENS,36,4.0,Lounges,-87.6004393348106,41.65486375
403,Cal-Harbor Restaurant & Lounge,ALTGELD GARDENS,36,4.0,Breakfast & Brunch,-87.6004393348106,41.65486375
404,Mr. Orange Chicken,ALTGELD GARDENS,39,3.5,Chinese,-87.6004393348106,41.65486375
405,Mario's Tacos,ALTGELD GARDENS,87,3.5,Mexican,-87.6004393348106,41.65486375
406,Tuscan Grill & Pizza,ALTGELD GARDENS,38,4.0,Italian,-87.6004393348106,41.65486375
407,Tuscan Grill & Pizza,ALTGELD GARDENS,38,4.0,American (Traditional),-87.6004393348106,41.65486375
408,Tuscan Grill & Pizza,ALTGELD GARDENS,38,4.0,Pizza,-87.6004393348106,41.65486375
409,Dillingers Drive-In,ALTGELD GARDENS,28,4.0,American (Traditional),-87.6004393348106,41.65486375
410,Dillingers Drive-In,ALTGELD GARDENS,28,4.0,Fast Food,-87.6004393348106,41.65486375
411,De Mar's  Restaurant,ALTGELD GARDENS,21,4.5,American (Traditional),-87.6004393348106,41.65486375
412,De Mar's  Restaurant,ALTGELD GARDENS,21,4.5,Coffee & Tea,-87.6004393348106,41.65486375
413,De Mar's  Restaurant,ALTGELD GARDENS,21,4.5,Breakfast & Brunch,-87.6004393348106,41.65486375
414,Restaurante Tenochtitlan,ALTGELD GARDENS,54,3.5,Mexican,-87.6004393348106,41.65486375
415,Love On the Blu,ALTGELD GARDENS,94,3.0,Bars,-87.6004393348106,41.65486375
416,Love On the Blu,ALTGELD GARDENS,94,3.0,American (Traditional),-87.6004393348106,41.65486375
417,The Taco Place,ALTGELD GARDENS,24,4.0,Mexican,-87.6004393348106,41.65486375
418,Maxwell Street Polish,ALTGELD GARDENS,15,4.5,Hot Dogs,-87.6004393348106,41.65486375
419,Taqueria Durango Restaurant,ALTGELD GARDENS,44,3.5,Mexican,-87.6004393348106,41.65486375
420,Alpha Gyros,ALTGELD GARDENS,19,4.5,Restaurants,-87.6004393348106,41.65486375
423,Mariscos La Sirena,ALTGELD GARDENS,53,4.0,Mexican,-87.6004393348106,41.65486375
424,Mariscos La Sirena,ALTGELD GARDENS,53,4.0,Seafood,-87.6004393348106,41.65486375
425,T & G Gyros,ALTGELD GARDENS,44,4.5,Greek,-87.6004393348106,41.65486375
426,T & G Gyros,ALTGELD GARDENS,44,4.5,Mediterranean,-87.6004393348106,41.65486375
427,La Vieja Castilla,ALTGELD GARDENS,34,4.5,Spanish,-87.6004393348106,41.65486375
428,Giuseppe's Pizza,ALTGELD GARDENS,41,4.5,Pizza,-87.6004393348106,41.65486375
429,Olivia's Restaurant,ALTGELD GARDENS,41,4.0,Breakfast & Brunch,-87.6004393348106,41.65486375
430,Olivia's Restaurant,ALTGELD GARDENS,41,4.0,Diners,-87.6004393348106,41.65486375
431,Iversen's Bakery,ALTGELD GARDENS,32,4.5,Bakeries,-87.6004393348106,41.65486375
432,Iversen's Bakery,ALTGELD GARDENS,32,4.5,Desserts,-87.6004393348106,41.65486375
433,Eggshack,ALTGELD GARDENS,32,4.0,Breakfast & Brunch,-87.6004393348106,41.65486375
434,Eggshack,ALTGELD GARDENS,32,4.0,Burgers,-87.6004393348106,41.65486375
435,Eggshack,ALTGELD GARDENS,32,4.0,Sandwiches,-87.6004393348106,41.65486375
436,Lumes House of Pancakes,ALTGELD GARDENS,85,4.0,Breakfast & Brunch,-87.6004393348106,41.65486375
437,Cal-Harbor Restaurant & Lounge,ALTGELD GARDENS,36,4.0,Coffee & Tea,-87.6004393348106,41.65486375
438,Cal-Harbor Restaurant & Lounge,ALTGELD GARDENS,36,4.0,Lounges,-87.6004393348106,41.65486375
439,Cal-Harbor Restaurant & Lounge,ALTGELD GARDENS,36,4.0,Breakfast & Brunch,-87.6004393348106,41.65486375
440,Mr. Orange Chicken,ALTGELD GARDENS,39,3.5,Chinese,-87.6004393348106,41.65486375
441,Mario's Tacos,ALTGELD GARDENS,87,3.5,Mexican,-87.6004393348106,41.65486375
442,Tuscan Grill & Pizza,ALTGELD GARDENS,38,4.0,Italian,-87.6004393348106,41.65486375
443,Tuscan Grill & Pizza,ALTGELD GARDENS,38,4.0,American (Traditional),-87.6004393348106,41.65486375
444,Tuscan Grill & Pizza,ALTGELD GARDENS,38,4.0,Pizza,-87.6004393348106,41.65486375
445,Dillingers Drive-In,ALTGELD GARDENS,28,4.0,American (Traditional),-87.6004393348106,41.65486375
446,Dillingers Drive-In,ALTGELD GARDENS,28,4.0,Fast Food,-87.6004393348106,41.65486375
447,De Mar's  Restaurant,ALTGELD GARDENS,21,4.5,American (Traditional),-87.6004393348106,41.65486375
448,De Mar's  Restaurant,ALTGELD GARDENS,21,4.5,Coffee & Tea,-87.6004393348106,41.65486375
449,De Mar's  Restaurant,ALTGELD GARDENS,21,4.5,Breakfast & Brunch,-87.6004393348106,41.65486375
450,Restaurante Tenochtitlan,ALTGELD GARDENS,54,3.5,Mexican,-87.6004393348106,41.65486375
451,Love On the Blu,ALTGELD GARDENS,94,3.0,Bars,-87.6004393348106,41.65486375
452,Love On the Blu,ALTGELD GARDENS,94,3.0,American (Traditional),-87.6004393348106,41.65486375
453,The Taco Place,ALTGELD GARDENS,24,4.0,Mexican,-87.6004393348106,41.65486375
454,Maxwell Street Polish,ALTGELD GARDENS,15,4.5,Hot Dogs,-87.6004393348106,41.65486375
455,Taqueria Durango Restaurant,ALTGELD GARDENS,44,3.5,Mexican,-87.6004393348106,41.65486375
456,Alpha Gyros,ALTGELD GARDENS,19,4.5,Restaurants,-87.6004393348106,41.65486375
459,Mariscos La Sirena,ALTGELD GARDENS,53,4.0,Mexican,-87.6004393348106,41.65486375
460,Mariscos La Sirena,ALTGELD GARDENS,53,4.0,Seafood,-87.6004393348106,41.65486375
461,T & G Gyros,ALTGELD GARDENS,44,4.5,Greek,-87.6004393348106,41.65486375
462,T & G Gyros,ALTGELD GARDENS,44,4.5,Mediterranean,-87.6004393348106,41.65486375
463,La Vieja Castilla,ALTGELD GARDENS,34,4.5,Spanish,-87.6004393348106,41.65486375
464,Giuseppe's Pizza,ALTGELD GARDENS,41,4.5,Pizza,-87.6004393348106,41.65486375
465,Olivia's Restaurant,ALTGELD GARDENS,41,4.0,Breakfast & Brunch,-87.6004393348106,41.65486375
466,Olivia's Restaurant,ALTGELD GARDENS,41,4.0,Diners,-87.6004393348106,41.65486375
467,Iversen's Bakery,ALTGELD GARDENS,32,4.5,Bakeries,-87.6004393348106,41.65486375
468,Iversen's Bakery,ALTGELD GARDENS,32,4.5,Desserts,-87.6004393348106,41.65486375
469,Eggshack,ALTGELD GARDENS,32,4.0,Breakfast & Brunch,-87.6004393348106,41.65486375
470,Eggshack,ALTGELD GARDENS,32,4.0,Burgers,-87.6004393348106,41.65486375
471,Eggshack,ALTGELD GARDENS,32,4.0,Sandwiches,-87.6004393348106,41.65486375
472,Lumes House of Pancakes,ALTGELD GARDENS,85,4.0,Breakfast & Brunch,-87.6004393348106,41.65486375
473,Cal-Harbor Restaurant & Lounge,ALTGELD GARDENS,36,4.0,Coffee & Tea,-87.6004393348106,41.65486375
474,Cal-Harbor Restaurant & Lounge,ALTGELD GARDENS,36,4.0,Lounges,-87.6004393348106,41.65486375
475,Cal-Harbor Restaurant & Lounge,ALTGELD GARDENS,36,4.0,Breakfast & Brunch,-87.6004393348106,41.65486375
476,Mr. Orange Chicken,ALTGELD GARDENS,39,3.5,Chinese,-87.6004393348106,41.65486375
477,Mario's Tacos,ALTGELD GARDENS,87,3.5,Mexican,-87.6004393348106,41.65486375
478,Tuscan Grill & Pizza,ALTGELD GARDENS,38,4.0,Italian,-87.6004393348106,41.65486375
479,Tuscan Grill & Pizza,ALTGELD GARDENS,38,4.0,American (Traditional),-87.6004393348106,41.65486375
480,Tuscan Grill & Pizza,ALTGELD GARDENS,38,4.0,Pizza,-87.6004393348106,41.65486375
481,Dillingers Drive-In,ALTGELD GARDENS,28,4.0,American (Traditional),-87.6004393348106,41.65486375
482,Dillingers Drive-In,ALTGELD GARDENS,28,4.0,Fast Food,-87.6004393348106,41.65486375
483,De Mar's  Restaurant,ALTGELD GARDENS,21,4.5,American (Traditional),-87.6004393348106,41.65486375
484,De Mar's  Restaurant,ALTGELD GARDENS,21,4.5,Coffee & Tea,-87.6004393348106,41.65486375
485,De Mar's  Restaurant,ALTGELD GARDENS,21,4.5,Breakfast & Brunch,-87.6004393348106,41.65486375
486,Restaurante Tenochtitlan,ALTGELD GARDENS,54,3.5,Mexican,-87.6004393348106,41.65486375
487,Love On the Blu,ALTGELD GARDENS,94,3.0,Bars,-87.6004393348106,41.65486375
488,Love On the Blu,ALTGELD GARDENS,94,3.0,American (Traditional),-87.6004393348106,41.65486375
489,The Taco Place,ALTGELD GARDENS,24,4.0,Mexican,-87.6004393348106,41.65486375
490,Maxwell Street Polish,ALTGELD GARDENS,15,4.5,Hot Dogs,-87.6004393348106,41.65486375
491,Taqueria Durango Restaurant,ALTGELD GARDENS,44,3.5,Mexican,-87.6004393348106,41.65486375
492,Alpha Gyros,ALTGELD GARDENS,19,4.5,Restaurants,-87.6004393348106,41.65486375
495,Mariscos La Sirena,ALTGELD GARDENS,53,4.0,Mexican,-87.6004393348106,41.65486375
496,Mariscos La Sirena,ALTGELD GARDENS,53,4.0,Seafood,-87.6004393348106,41.65486375
497,T & G Gyros,ALTGELD GARDENS,44,4.5,Greek,-87.6004393348106,41.65486375
498,T & G Gyros,ALTGELD GARDENS,44,4.5,Mediterranean,-87.6004393348106,41.65486375
499,La Vieja Castilla,ALTGELD GARDENS,34,4.5,Spanish,-87.6004393348106,41.65486375
500,Giuseppe's Pizza,ALTGELD GARDENS,41,4.5,Pizza,-87.6004393348106,41.65486375
501,Olivia's Restaurant,ALTGELD GARDENS,41,4.0,Breakfast & Brunch,-87.6004393348106,41.65486375
502,Olivia's Restaurant,ALTGELD GARDENS,41,4.0,Diners,-87.6004393348106,41.65486375
503,Iversen's Bakery,ALTGELD GARDENS,32,4.5,Bakeries,-87.6004393348106,41.65486375
504,Iversen's Bakery,ALTGELD GARDENS,32,4.5,Desserts,-87.6004393348106,41.65486375
505,Eggshack,ALTGELD GARDENS,32,4.0,Breakfast & Brunch,-87.6004393348106,41.65486375
506,Eggshack,ALTGELD GARDENS,32,4.0,Burgers,-87.6004393348106,41.65486375
507,Eggshack,ALTGELD GARDENS,32,4.0,Sandwiches,-87.6004393348106,41.65486375
508,Lumes House of Pancakes,ALTGELD GARDENS,85,4.0,Breakfast & Brunch,-87.6004393348106,41.65486375
509,Cal-Harbor Restaurant & Lounge,ALTGELD GARDENS,36,4.0,Coffee & Tea,-87.6004393348106,41.65486375
510,Cal-Harbor Restaurant & Lounge,ALTGELD GARDENS,36,4.0,Lounges,-87.6004393348106,41.65486375
511,Cal-Harbor Restaurant & Lounge,ALTGELD GARDENS,36,4.0,Breakfast & Brunch,-87.6004393348106,41.65486375
512,Mr. Orange Chicken,ALTGELD GARDENS,39,3.5,Chinese,-87.6004393348106,41.65486375
513,Mario's Tacos,ALTGELD GARDENS,87,3.5,Mexican,-87.6004393348106,41.65486375
514,Tuscan Grill & Pizza,ALTGELD GARDENS,38,4.0,Italian,-87.6004393348106,41.65486375
515,Tuscan Grill & Pizza,ALTGELD GARDENS,38,4.0,American (Traditional),-87.6004393348106,41.65486375
516,Tuscan Grill & Pizza,ALTGELD GARDENS,38,4.0,Pizza,-87.6004393348106,41.65486375
517,Dillingers Drive-In,ALTGELD GARDENS,28,4.0,American (Traditional),-87.6004393348106,41.65486375
518,Dillingers Drive-In,ALTGELD GARDENS,28,4.0,Fast Food,-87.6004393348106,41.65486375
519,De Mar's  Restaurant,ALTGELD GARDENS,21,4.5,American (Traditional),-87.6004393348106,41.65486375
520,De Mar's  Restaurant,ALTGELD GARDENS,21,4.5,Coffee & Tea,-87.6004393348106,41.65486375
521,De Mar's  Restaurant,ALTGELD GARDENS,21,4.5,Breakfast & Brunch,-87.6004393348106,41.65486375
522,Restaurante Tenochtitlan,ALTGELD GARDENS,54,3.5,Mexican,-87.6004393348106,41.65486375
523,Love On the Blu,ALTGELD GARDENS,94,3.0,Bars,-87.6004393348106,41.65486375
524,Love On the Blu,ALTGELD GARDENS,94,3.0,American (Traditional),-87.6004393348106,41.65486375
525,The Taco Place,ALTGELD GARDENS,24,4.0,Mexican,-87.6004393348106,41.65486375
526,Maxwell Street Polish,ALTGELD GARDENS,15,4.5,Hot Dogs,-87.6004393348106,41.65486375
527,Taqueria Durango Restaurant,ALTGELD GARDENS,44,3.5,Mexican,-87.6004393348106,41.65486375
528,Alpha Gyros,ALTGELD GARDENS,19,4.5,Restaurants,-87.6004393348106,41.65486375
531,Mariscos La Sirena,ALTGELD GARDENS,53,4.0,Mexican,-87.6004393348106,41.65486375
532,Mariscos La Sirena,ALTGELD GARDENS,53,4.0,Seafood,-87.6004393348106,41.65486375
533,T & G Gyros,ALTGELD GARDENS,44,4.5,Greek,-87.6004393348106,41.65486375
534,T & G Gyros,ALTGELD GARDENS,44,4.5,Mediterranean,-87.6004393348106,41.65486375
535,La Vieja Castilla,ALTGELD GARDENS,34,4.5,Spanish,-87.6004393348106,41.65486375
536,Giuseppe's Pizza,ALTGELD GARDENS,41,4.5,Pizza,-87.6004393348106,41.65486375
537,Olivia's Restaurant,ALTGELD GARDENS,41,4.0,Breakfast & Brunch,-87.6004393348106,41.65486375
538,Olivia's Restaurant,ALTGELD GARDENS,41,4.0,Diners,-87.6004393348106,41.65486375
539,Iversen's Bakery,ALTGELD GARDENS,32,4.5,Bakeries,-87.6004393348106,41.65486375
540,Iversen's Bakery,ALTGELD GARDENS,32,4.5,Desserts,-87.6004393348106,41.65486375
541,Eggshack,ALTGELD GARDENS,32,4.0,Breakfast & Brunch,-87.6004393348106,41.65486375
542,Eggshack,ALTGELD GARDENS,32,4.0,Burgers,-87.6004393348106,41.65486375
543,Eggshack,ALTGELD GARDENS,32,4.0,Sandwiches,-87.6004393348106,41.65486375
544,Lumes House of Pancakes,ALTGELD GARDENS,85,4.0,Breakfast & Brunch,-87.6004393348106,41.65486375
545,Cal-Harbor Restaurant & Lounge,ALTGELD GARDENS,36,4.0,Coffee & Tea,-87.6004393348106,41.65486375
546,Cal-Harbor Restaurant & Lounge,ALTGELD GARDENS,36,4.0,Lounges,-87.6004393348106,41.65486375
547,Cal-Harbor Restaurant & Lounge,ALTGELD GARDENS,36,4.0,Breakfast & Brunch,-87.6004393348106,41.65486375
548,Mr. Orange Chicken,ALTGELD GARDENS,39,3.5,Chinese,-87.6004393348106,41.65486375
549,Mario's Tacos,ALTGELD GARDENS,87,3.5,Mexican,-87.6004393348106,41.65486375
550,Tuscan Grill & Pizza,ALTGELD GARDENS,38,4.0,Italian,-87.6004393348106,41.65486375
551,Tuscan Grill & Pizza,ALTGELD GARDENS,38,4.0,American (Traditional),-87.6004393348106,41.65486375
552,Tuscan Grill & Pizza,ALTGELD GARDENS,38,4.0,Pizza,-87.6004393348106,41.65486375
553,Dillingers Drive-In,ALTGELD GARDENS,28,4.0,American (Traditional),-87.6004393348106,41.65486375
554,Dillingers Drive-In,ALTGELD GARDENS,28,4.0,Fast Food,-87.6004393348106,41.65486375
555,De Mar's  Restaurant,ALTGELD GARDENS,21,4.5,American (Traditional),-87.6004393348106,41.65486375
556,De Mar's  Restaurant,ALTGELD GARDENS,21,4.5,Coffee & Tea,-87.6004393348106,41.65486375
557,De Mar's  Restaurant,ALTGELD GARDENS,21,4.5,Breakfast & Brunch,-87.6004393348106,41.65486375
558,Restaurante Tenochtitlan,ALTGELD GARDENS,54,3.5,Mexican,-87.6004393348106,41.65486375
559,Love On the Blu,ALTGELD GARDENS,94,3.0,Bars,-87.6004393348106,41.65486375
560,Love On the Blu,ALTGELD GARDENS,94,3.0,American (Traditional),-87.6004393348106,41.65486375
561,The Taco Place,ALTGELD GARDENS,24,4.0,Mexican,-87.6004393348106,41.65486375
562,Maxwell Street Polish,ALTGELD GARDENS,15,4.5,Hot Dogs,-87.6004393348106,41.65486375
563,Taqueria Durango Restaurant,ALTGELD GARDENS,44,3.5,Mexican,-87.6004393348106,41.65486375
564,Alpha Gyros,ALTGELD GARDENS,19,4.5,Restaurants,-87.6004393348106,41.65486375
567,Mariscos La Sirena,ALTGELD GARDENS,53,4.0,Mexican,-87.6004393348106,41.65486375
568,Mariscos La Sirena,ALTGELD GARDENS,53,4.0,Seafood,-87.6004393348106,41.65486375
569,T & G Gyros,ALTGELD GARDENS,44,4.5,Greek,-87.6004393348106,41.65486375
570,T & G Gyros,ALTGELD GARDENS,44,4.5,Mediterranean,-87.6004393348106,41.65486375
571,La Vieja Castilla,ALTGELD GARDENS,34,4.5,Spanish,-87.6004393348106,41.65486375
572,Giuseppe's Pizza,ALTGELD GARDENS,41,4.5,Pizza,-87.6004393348106,41.65486375
573,Olivia's Restaurant,ALTGELD GARDENS,41,4.0,Breakfast & Brunch,-87.6004393348106,41.65486375
574,Olivia's Restaurant,ALTGELD GARDENS,41,4.0,Diners,-87.6004393348106,41.65486375
575,Iversen's Bakery,ALTGELD GARDENS,32,4.5,Bakeries,-87.6004393348106,41.65486375
576,Iversen's Bakery,ALTGELD GARDENS,32,4.5,Desserts,-87.6004393348106,41.65486375
577,Eggshack,ALTGELD GARDENS,32,4.0,Breakfast & Brunch,-87.6004393348106,41.65486375
578,Eggshack,ALTGELD GARDENS,32,4.0,Burgers,-87.6004393348106,41.65486375
579,Eggshack,ALTGELD GARDENS,32,4.0,Sandwiches,-87.6004393348106,41.65486375
580,Lumes House of Pancakes,ALTGELD GARDENS,85,4.0,Breakfast & Brunch,-87.6004393348106,41.65486375
581,Cal-Harbor Restaurant & Lounge,ALTGELD GARDENS,36,4.0,Coffee & Tea,-87.6004393348106,41.65486375
582,Cal-Harbor Restaurant & Lounge,ALTGELD GARDENS,36,4.0,Lounges,-87.6004393348106,41.65486375
583,Cal-Harbor Restaurant & Lounge,ALTGELD GARDENS,36,4.0,Breakfast & Brunch,-87.6004393348106,41.65486375
584,Mr. Orange Chicken,ALTGELD GARDENS,39,3.5,Chinese,-87.6004393348106,41.65486375
585,Mario's Tacos,ALTGELD GARDENS,87,3.5,Mexican,-87.6004393348106,41.65486375
586,Tuscan Grill & Pizza,ALTGELD GARDENS,38,4.0,Italian,-87.6004393348106,41.65486375
587,Tuscan Grill & Pizza,ALTGELD GARDENS,38,4.0,American (Traditional),-87.6004393348106,41.65486375
588,Tuscan Grill & Pizza,ALTGELD GARDENS,38,4.0,Pizza,-87.6004393348106,41.65486375
589,Dillingers Drive-In,ALTGELD GARDENS,28,4.0,American (Traditional),-87.6004393348106,41.65486375
590,Dillingers Drive-In,ALTGELD GARDENS,28,4.0,Fast Food,-87.6004393348106,41.65486375
591,De Mar's  Restaurant,ALTGELD GARDENS,21,4.5,American (Traditional),-87.6004393348106,41.65486375
592,De Mar's  Restaurant,ALTGELD GARDENS,21,4.5,Coffee & Tea,-87.6004393348106,41.65486375
593,De Mar's  Restaurant,ALTGELD GARDENS,21,4.5,Breakfast & Brunch,-87.6004393348106,41.65486375
594,Restaurante Tenochtitlan,ALTGELD GARDENS,54,3.5,Mexican,-87.6004393348106,41.65486375
595,Love On the Blu,ALTGELD GARDENS,94,3.0,Bars,-87.6004393348106,41.65486375
596,Love On the Blu,ALTGELD GARDENS,94,3.0,American (Traditional),-87.6004393348106,41.65486375
597,The Taco Place,ALTGELD GARDENS,24,4.0,Mexican,-87.6004393348106,41.65486375
598,Maxwell Street Polish,ALTGELD GARDENS,15,4.5,Hot Dogs,-87.6004393348106,41.65486375
599,Taqueria Durango Restaurant,ALTGELD GARDENS,44,3.5,Mexican,-87.6004393348106,41.65486375
600,Alpha Gyros,ALTGELD GARDENS,19,4.5,Restaurants,-87.6004393348106,41.65486375
603,Mariscos La Sirena,ALTGELD GARDENS,53,4.0,Mexican,-87.6004393348106,41.65486375
604,Mariscos La Sirena,ALTGELD GARDENS,53,4.0,Seafood,-87.6004393348106,41.65486375
605,T & G Gyros,ALTGELD GARDENS,44,4.5,Greek,-87.6004393348106,41.65486375
606,T & G Gyros,ALTGELD GARDENS,44,4.5,Mediterranean,-87.6004393348106,41.65486375
607,La Vieja Castilla,ALTGELD GARDENS,34,4.5,Spanish,-87.6004393348106,41.65486375
608,Giuseppe's Pizza,ALTGELD GARDENS,41,4.5,Pizza,-87.6004393348106,41.65486375
609,Olivia's Restaurant,ALTGELD GARDENS,41,4.0,Breakfast & Brunch,-87.6004393348106,41.65486375
610,Olivia's Restaurant,ALTGELD GARDENS,41,4.0,Diners,-87.6004393348106,41.65486375
611,Iversen's Bakery,ALTGELD GARDENS,32,4.5,Bakeries,-87.6004393348106,41.65486375
612,Iversen's Bakery,ALTGELD GARDENS,32,4.5,Desserts,-87.6004393348106,41.65486375
613,Eggshack,ALTGELD GARDENS,32,4.0,Breakfast & Brunch,-87.6004393348106,41.65486375
614,Eggshack,ALTGELD GARDENS,32,4.0,Burgers,-87.6004393348106,41.65486375
615,Eggshack,ALTGELD GARDENS,32,4.0,Sandwiches,-87.6004393348106,41.65486375
616,Lumes House of Pancakes,ALTGELD GARDENS,85,4.0,Breakfast & Brunch,-87.6004393348106,41.65486375
617,Cal-Harbor Restaurant & Lounge,ALTGELD GARDENS,36,4.0,Coffee & Tea,-87.6004393348106,41.65486375
618,Cal-Harbor Restaurant & Lounge,ALTGELD GARDENS,36,4.0,Lounges,-87.6004393348106,41.65486375
619,Cal-Harbor Restaurant & Lounge,ALTGELD GARDENS,36,4.0,Breakfast & Brunch,-87.6004393348106,41.65486375
620,Mr. Orange Chicken,ALTGELD GARDENS,39,3.5,Chinese,-87.6004393348106,41.65486375
621,Mario's Tacos,ALTGELD GARDENS,87,3.5,Mexican,-87.6004393348106,41.65486375
622,Tuscan Grill & Pizza,ALTGELD GARDENS,38,4.0,Italian,-87.6004393348106,41.65486375
623,Tuscan Grill & Pizza,ALTGELD GARDENS,38,4.0,American (Traditional),-87.6004393348106,41.65486375
624,Tuscan Grill & Pizza,ALTGELD GARDENS,38,4.0,Pizza,-87.6004393348106,41.65486375
625,Dillingers Drive-In,ALTGELD GARDENS,28,4.0,American (Traditional),-87.6004393348106,41.65486375
626,Dillingers Drive-In,ALTGELD GARDENS,28,4.0,Fast Food,-87.6004393348106,41.65486375
627,De Mar's  Restaurant,ALTGELD GARDENS,21,4.5,American (Traditional),-87.6004393348106,41.65486375
628,De Mar's  Restaurant,ALTGELD GARDENS,21,4.5,Coffee & Tea,-87.6004393348106,41.65486375
629,De Mar's  Restaurant,ALTGELD GARDENS,21,4.5,Breakfast & Brunch,-87.6004393348106,41.65486375
630,Restaurante Tenochtitlan,ALTGELD GARDENS,54,3.5,Mexican,-87.6004393348106,41.65486375
631,Love On the Blu,ALTGELD GARDENS,94,3.0,Bars,-87.6004393348106,41.65486375
632,Love On the Blu,ALTGELD GARDENS,94,3.0,American (Traditional),-87.6004393348106,41.65486375
633,The Taco Place,ALTGELD GARDENS,24,4.0,Mexican,-87.6004393348106,41.65486375
634,Maxwell Street Polish,ALTGELD GARDENS,15,4.5,Hot Dogs,-87.6004393348106,41.65486375
635,Taqueria Durango Restaurant,ALTGELD GARDENS,44,3.5,Mexican,-87.6004393348106,41.65486375
636,Alpha Gyros,ALTGELD GARDENS,19,4.5,Restaurants,-87.6004393348106,41.65486375
639,Mariscos La Sirena,ALTGELD GARDENS,53,4.0,Mexican,-87.6004393348106,41.65486375
640,Mariscos La Sirena,ALTGELD GARDENS,53,4.0,Seafood,-87.6004393348106,41.65486375
641,T & G Gyros,ALTGELD GARDENS,44,4.5,Greek,-87.6004393348106,41.65486375
642,T & G Gyros,ALTGELD GARDENS,44,4.5,Mediterranean,-87.6004393348106,41.65486375
643,La Vieja Castilla,ALTGELD GARDENS,34,4.5,Spanish,-87.6004393348106,41.65486375
644,Giuseppe's Pizza,ALTGELD GARDENS,41,4.5,Pizza,-87.6004393348106,41.65486375
645,Olivia's Restaurant,ALTGELD GARDENS,41,4.0,Breakfast & Brunch,-87.6004393348106,41.65486375
646,Olivia's Restaurant,ALTGELD GARDENS,41,4.0,Diners,-87.6004393348106,41.65486375
647,Iversen's Bakery,ALTGELD GARDENS,32,4.5,Bakeries,-87.6004393348106,41.65486375
648,Iversen's Bakery,ALTGELD GARDENS,32,4.5,Desserts,-87.6004393348106,41.65486375
649,Eggshack,ALTGELD GARDENS,32,4.0,Breakfast & Brunch,-87.6004393348106,41.65486375
650,Eggshack,ALTGELD GARDENS,32,4.0,Burgers,-87.6004393348106,41.65486375
651,Eggshack,ALTGELD GARDENS,32,4.0,Sandwiches,-87.6004393348106,41.65486375
652,Lumes House of Pancakes,ALTGELD GARDENS,85,4.0,Breakfast & Brunch,-87.6004393348106,41.65486375
653,Cal-Harbor Restaurant & Lounge,ALTGELD GARDENS,36,4.0,Coffee & Tea,-87.6004393348106,41.65486375
654,Cal-Harbor Restaurant & Lounge,ALTGELD GARDENS,36,4.0,Lounges,-87.6004393348106,41.65486375
655,Cal-Harbor Restaurant & Lounge,ALTGELD GARDENS,36,4.0,Breakfast & Brunch,-87.6004393348106,41.65486375
656,Mr. Orange Chicken,ALTGELD GARDENS,39,3.5,Chinese,-87.6004393348106,41.65486375
657,Mario's Tacos,ALTGELD GARDENS,87,3.5,Mexican,-87.6004393348106,41.65486375
658,Tuscan Grill & Pizza,ALTGELD GARDENS,38,4.0,Italian,-87.6004393348106,41.65486375
659,Tuscan Grill & Pizza,ALTGELD GARDENS,38,4.0,American (Traditional),-87.6004393348106,41.65486375
660,Tuscan Grill & Pizza,ALTGELD GARDENS,38,4.0,Pizza,-87.6004393348106,41.65486375
661,Dillingers Drive-In,ALTGELD GARDENS,28,4.0,American (Traditional),-87.6004393348106,41.65486375
662,Dillingers Drive-In,ALTGELD GARDENS,28,4.0,Fast Food,-87.6004393348106,41.65486375
663,De Mar's  Restaurant,ALTGELD GARDENS,21,4.5,American (Traditional),-87.6004393348106,41.65486375
664,De Mar's  Restaurant,ALTGELD GARDENS,21,4.5,Coffee & Tea,-87.6004393348106,41.65486375
665,De Mar's  Restaurant,ALTGELD GARDENS,21,4.5,Breakfast & Brunch,-87.6004393348106,41.65486375
666,Restaurante Tenochtitlan,ALTGELD GARDENS,54,3.5,Mexican,-87.6004393348106,41.65486375
667,Love On the Blu,ALTGELD GARDENS,94,3.0,Bars,-87.6004393348106,41.65486375
668,Love On the Blu,ALTGELD GARDENS,94,3.0,American (Traditional),-87.6004393348106,41.65486375
669,The Taco Place,ALTGELD GARDENS,24,4.0,Mexican,-87.6004393348106,41.65486375
670,Maxwell Street Polish,ALTGELD GARDENS,15,4.5,Hot Dogs,-87.6004393348106,41.65486375
671,Taqueria Durango Restaurant,ALTGELD GARDENS,44,3.5,Mexican,-87.6004393348106,41.65486375
672,Alpha Gyros,ALTGELD GARDENS,19,4.5,Restaurants,-87.6004393348106,41.65486375
675,Mariscos La Sirena,ALTGELD GARDENS,53,4.0,Mexican,-87.6004393348106,41.65486375
676,Mariscos La Sirena,ALTGELD GARDENS,53,4.0,Seafood,-87.6004393348106,41.65486375
677,T & G Gyros,ALTGELD GARDENS,44,4.5,Greek,-87.6004393348106,41.65486375
678,T & G Gyros,ALTGELD GARDENS,44,4.5,Mediterranean,-87.6004393348106,41.65486375
679,La Vieja Castilla,ALTGELD GARDENS,34,4.5,Spanish,-87.6004393348106,41.65486375
680,Giuseppe's Pizza,ALTGELD GARDENS,41,4.5,Pizza,-87.6004393348106,41.65486375
681,Olivia's Restaurant,ALTGELD GARDENS,41,4.0,Breakfast & Brunch,-87.6004393348106,41.65486375
682,Olivia's Restaurant,ALTGELD GARDENS,41,4.0,Diners,-87.6004393348106,41.65486375
683,Iversen's Bakery,ALTGELD GARDENS,32,4.5,Bakeries,-87.6004393348106,41.65486375
684,Iversen's Bakery,ALTGELD GARDENS,32,4.5,Desserts,-87.6004393348106,41.65486375
685,Eggshack,ALTGELD GARDENS,32,4.0,Breakfast & Brunch,-87.6004393348106,41.65486375
686,Eggshack,ALTGELD GARDENS,32,4.0,Burgers,-87.6004393348106,41.65486375
687,Eggshack,ALTGELD GARDENS,32,4.0,Sandwiches,-87.6004393348106,41.65486375
688,Lumes House of Pancakes,ALTGELD GARDENS,85,4.0,Breakfast & Brunch,-87.6004393348106,41.65486375
689,Cal-Harbor Restaurant & Lounge,ALTGELD GARDENS,36,4.0,Coffee & Tea,-87.6004393348106,41.65486375
690,Cal-Harbor Restaurant & Lounge,ALTGELD GARDENS,36,4.0,Lounges,-87.6004393348106,41.65486375
691,Cal-Harbor Restaurant & Lounge,ALTGELD GARDENS,36,4.0,Breakfast & Brunch,-87.6004393348106,41.65486375
692,Mr. Orange Chicken,ALTGELD GARDENS,39,3.5,Chinese,-87.6004393348106,41.65486375
693,Mario's Tacos,ALTGELD GARDENS,87,3.5,Mexican,-87.6004393348106,41.65486375
694,Tuscan Grill & Pizza,ALTGELD GARDENS,38,4.0,Italian,-87.6004393348106,41.65486375
695,Tuscan Grill & Pizza,ALTGELD GARDENS,38,4.0,American (Traditional),-87.6004393348106,41.65486375
696,Tuscan Grill & Pizza,ALTGELD GARDENS,38,4.0,Pizza,-87.6004393348106,41.65486375
697,Dillingers Drive-In,ALTGELD GARDENS,28,4.0,American (Traditional),-87.6004393348106,41.65486375
698,Dillingers Drive-In,ALTGELD GARDENS,28,4.0,Fast Food,-87.6004393348106,41.65486375
699,De Mar's  Restaurant,ALTGELD GARDENS,21,4.5,American (Traditional),-87.6004393348106,41.65486375
700,De Mar's  Restaurant,ALTGELD GARDENS,21,4.5,Coffee & Tea,-87.6004393348106,41.65486375
701,De Mar's  Restaurant,ALTGELD GARDENS,21,4.5,Breakfast & Brunch,-87.6004393348106,41.65486375
702,Restaurante Tenochtitlan,ALTGELD GARDENS,54,3.5,Mexican,-87.6004393348106,41.65486375
703,Love On the Blu,ALTGELD GARDENS,94,3.0,Bars,-87.6004393348106,41.65486375
704,Love On the Blu,ALTGELD GARDENS,94,3.0,American (Traditional),-87.6004393348106,41.65486375
705,The Taco Place,ALTGELD GARDENS,24,4.0,Mexican,-87.6004393348106,41.65486375
706,Maxwell Street Polish,ALTGELD GARDENS,15,4.5,Hot Dogs,-87.6004393348106,41.65486375
707,Taqueria Durango Restaurant,ALTGELD GARDENS,44,3.5,Mexican,-87.6004393348106,41.65486375
708,Alpha Gyros,ALTGELD GARDENS,19,4.5,Restaurants,-87.6004393348106,41.65486375
